{
	"bilete":
	[
		{
		"id":"",
		"nume":"",
		"descriere":"regular season game",
		"imagine":"/resurse/images/DET.svg",
		"categorie":"Official",
		"pret":"50$",
		"pretvip":"100$",
		"datameci":"2020-01-26",
		"rand":"",
		"mancare":"",
		"vip":true
		},
		{
		"id":"",
		"nume":"",
		"descriere":"regular season game",
		"imagine":"/resurse/images/DEN.svg",
		"categorie":"Friendly",
		"pret":"15$",
		"pretvip":"30$",
		"datameci":"2020-01-30",
		"rand":"",
		"mancare":"",
		"vip":false
		},
		{
		"id":"",
		"nume":"",
		"descriere":"offseason game",
		"imagine":"/resurse/images/DAL.svg",
		"categorie":"Friendly",
		"pret":"5$",
		"pretvip":"10$",
		"datameci":"2020-02-5",
		"rand":"",
		"mancare":"",
		"vip":false
		},
		{
		"id":"",
		"nume":"",
		"descriere":"regular season game",
		"imagine":"/resurse/images/CLE.svg",
		"categorie":"Official",
		"pret":"20$",
		"pretvip":"40$",
		"datameci":"2020-02-7",
		"rand":"",
		"mancare":"",
		"vip":false
		},
		{
		"id":"",
		"nume":"",
		"descriere":"regular season game",
		"imagine":"/resurse/images/CHI.svg",
		"categorie":"Official",
		"pret":"150$",
		"pretvip":"300$",
		"datameci":"2020-02-10",
		"rand":"",
		"mancare":"",
		"vip":false
		},
		{
		"id":"",
		"nume":"",
		"descriere":"regular season game",
		"imagine":"/resurse/images/WAS.svg",
		"categorie":"Official",
		"pret":"157$",
		"pretvip":"302$",
		"datameci":"2020-02-15",
		"rand":"",
		"mancare":"",
		"vip":false
		},
		{
		"id":"",
		"nume":"",
		"descriere":"offseason game",
		"imagine":"/resurse/images/UTA.svg",
		"categorie":"Friendly",
		"pret":"14$",
		"pretvip":"29$",
		"datameci":"2020-02-16",
		"rand":"",
		"mancare":"",
		"vip":false
		},
		{
		"id":"",
		"nume":"",
		"descriere":"regular season game",
		"imagine":"/resurse/images/SAS.svg",
		"categorie":"Official",
		"pret":"29$",
		"pretvip":"80$",
		"datameci":"2020-02-18",
		"rand":"",
		"mancare":"",
		"vip":false
		},
		{
		"id":"",
		"nume":"",
		"descriere":"offseason game",
		"imagine":"/resurse/images/SAC.svg",
		"categorie":"Friendly",
		"pret":"1$",
		"pretvip":"3$",
		"datameci":"2020-02-21",
		"rand":"",
		"mancare":"",
		"vip":false
		},
		{
		"id":"",
		"nume":"",
		"descriere":"regular season game",
		"imagine":"/resurse/images/PHX.svg",
		"categorie":"Official",
		"pret":"90$",
		"pretvip":"180$",
		"datameci":"2020-02-25",
		"rand":"",
		"mancare":"",
		"vip":false
		},
		{
		"id":"",
		"nume":"",
		"descriere":"offseason game",
		"imagine":"/resurse/images/PHI.svg",
		"categorie":"Friendly",
		"pret":"15$",
		"pretvip":"30$",
		"datameci":"2020-02-28",
		"rand":"",
		"mancare":"",
		"vip":false
		},
		{
		"id":"",
		"nume":"",
		"descriere":"regular season game",
		"imagine":"/resurse/images/ORL.svg",
		"categorie":"Official",
		"pret":"10$",
		"pretvip":"20$",
		"datameci":"2020-03-01",
		"rand":"",
		"mancare":"",
		"vip":false
		},
		{
		"id":"",
		"nume":"",
		"descriere":"regular season game",
		"imagine":"/resurse/images/OKC.svg",
		"categorie":"Friendly",
		"pret":"15$",
		"pretvip":"30$",
		"datameci":"2020-03-03",
		"rand":"",
		"mancare":"",
		"vip":false
		},
		{
		"id":"",
		"nume":"",
		"descriere":"regular season game",
		"imagine":"/resurse/images/NYK.svg",
		"categorie":"Official",
		"pret":"150$",
		"pretvip":"300$",
		"datameci":"2020-03-05",
		"rand":"",
		"mancare":"",
		"vip":false
		},
		{
		"id":"",
		"nume":"",
		"descriere":"regular season game",
		"imagine":"/resurse/images/MIN.svg",
		"categorie":"Friendly",
		"pret":"158$",
		"pretvip":"305$",
		"datameci":"2020-03-07",
		"rand":"",
		"mancare":"",
		"vip":false
		},
		{
		"id":"",
		"nume":"",
		"descriere":"regular season game",
		"imagine":"/resurse/images/MIL.svg",
		"categorie":"Official",
		"pret":"12$",
		"pretvip":"30$",
		"datameci":"2020-03-10",
		"rand":"",
		"mancare":"",
		"vip":false
		},
		{
		"id":"",
		"nume":"",
		"descriere":"offseason game",
		"imagine":"/resurse/images/MIA.svg",
		"categorie":"Friendly",
		"pret":"19$",
		"pretvip":"38$",
		"datameci":"2020-03-14",
		"rand":"",
		"mancare":"",
		"vip":false
		},
		{
		"id":"",
		"nume":"",
		"descriere":"regular season game",
		"imagine":"/resurse/images/MEM.svg",
		"categorie":"Official",
		"pret":"30$",
		"pretvip":"50$",
		"datameci":"2020-03-17",
		"rand":"",
		"mancare":"",
		"vip":false
		},
		{
		"id":"",
		"nume":"",
		"descriere":"regular season game",
		"imagine":"/resurse/images/LAL.svg",
		"categorie":"Official",
		"pret":"45$",
		"pretvip":"90$",
		"datameci":"2020-03-20",
		"rand":"",
		"mancare":"",
		"vip":false
		},
		{
		"id":"",
		"nume":"",
		"descriere":"regular season game",
		"imagine":"/resurse/images/IND.svg",
		"categorie":"Official",
		"pret":"34$",
		"pretvip":"64$",
		"datameci":"2020-03-26",
		"rand":"",
		"mancare":"",
		"vip":false
		}
	]
}