{"lastId":9,"useri":[{"id":0,"username":"dima","parola":"27321dfbce9a1d793437fce9cbd34c47","dataInreg":"2020-01-15T10:22:33.673Z"},{"id":1,"username":"nacu","parola":"8b11ad4d816ba943ea0967b4a59349cf","dataInreg":"2020-01-15T10:44:33.521Z"},{"id":2,"username":"cuaie","parola":"8b11ad4d816ba943ea0967b4a59349cf","dataInreg":"2020-01-15T13:52:28.748Z"},{"id":3,"username":"tata","parola":"827a487bd3abc6432abbaa438ad2e426","dataInreg":"2020-01-15T14:15:12.112Z"},{"id":4,"username":"tata","parola":"827a487bd3abc6432abbaa438ad2e426","dataInreg":"2020-01-15T14:16:03.966Z"},{"id":5,"username":"mama","parola":"4c34b38231e86c4989ab811232a35c85","dataInreg":"2020-01-15T14:16:33.983Z"},{"id":6,"username":"fiu","parola":"ad197a89e465a4f5e848b82ec3042571","dataInreg":"2020-01-15T14:17:00.806Z"},{"id":7,"username":"bez","parola":"51066cc77562a2c4ca92f47cf865f17a","dataInreg":"2020-01-15T15:49:11.996Z"},{"id":8,"username":"profa","parola":"2aef7e12a4337cf52221177cdea7b73b","dataInreg":"2020-01-15T17:06:38.110Z"}]}